model,c_index_mean,c_index_std
cox_ridge,0.7518053877074324,0.07340766430968954
