model,c_index_mean,c_index_std
cox_ridge,0.754951083357811,0.07415262323834584
rsf,0.7990533674610532,0.06464302428064225
